filename,mean_best_ts,mean_best_ini,mean_ts,low_best_ts,low_best_ini,opt_val,std_best_ts,std_best_ini,std_time_ts,mean_err_best_ts,mean_err_best_ini,low_err_best_ts,low_err_best_ini
bayg29_10_1,1864.0,1948.0,0.03,1864.0,1948.0,1610.0,0.0,0.0,0.01282,15.7764,20.99379,15.7764,20.99379
bayg29_10_10,1893.0,1991.0,0.03109,1893.0,1991.0,1655.0,0.0,0.0,0.01094,14.38066,20.30211,14.38066,20.30211
bayg29_10_2,1974.48,2135.0,0.03453,1806.0,2135.0,1654.0,66.17076,0.0,0.01687,19.37606,29.08102,9.18984,29.08102
bayg29_10_3,1987.0,2156.0,0.03125,1987.0,2156.0,1753.0,0.0,0.0,0.0106,13.34855,22.98916,13.34855,22.98916
bayg29_10_4,1882.0,2073.0,0.03297,1882.0,2073.0,1622.0,0.0,0.0,0.01324,16.02959,27.80518,16.02959,27.80518
bayg29_10_5,2018.18,2101.0,0.03656,1768.0,2101.0,1645.0,82.5155,0.0,0.01954,22.68571,27.72036,7.4772,27.72036
bayg29_10_6,1857.0,2005.0,0.02938,1857.0,2005.0,1622.0,0.0,0.0,0.01312,14.48829,23.61282,14.48829,23.61282
bayg29_10_7,2205.0,2258.0,0.03141,2205.0,2258.0,1833.0,0.0,0.0,0.01523,20.2946,23.18603,20.2946,23.18603
bayg29_10_8,2328.59,2654.0,0.04828,2178.0,2654.0,2114.0,95.84739,0.0,0.02481,10.1509,25.54399,3.02744,25.54399
bayg29_10_9,1780.0,1956.0,0.02844,1780.0,1956.0,1628.0,0.0,0.0,0.01198,9.33661,20.14742,9.33661,20.14742
bayg29_25_1,2038.0,2139.0,0.03031,2038.0,2139.0,2027.0,0.0,0.0,0.01227,0.54267,5.52541,0.54267,5.52541
bayg29_25_10,2100.04,2220.0,0.03828,1957.0,2220.0,1862.0,63.43026,0.0,0.01387,12.7841,19.22664,5.10204,19.22664
bayg29_25_2,1880.11,2298.0,0.04188,1778.0,2298.0,1655.0,68.53304,0.0,0.0186,13.60181,38.85196,7.43202,38.85196
bayg29_25_3,2029.02,2156.0,0.02969,1950.0,2156.0,1827.0,43.89487,0.0,0.01335,11.05747,18.00766,6.73235,18.00766
bayg29_25_4,2142.0,2179.0,0.03078,2142.0,2179.0,1799.0,0.0,0.0,0.01297,19.06615,21.12285,19.06615,21.12285
bayg29_25_5,1950.4,2051.0,0.03453,1873.0,2051.0,1709.0,31.22883,0.0,0.01175,14.12522,20.0117,9.59626,20.0117
bayg29_25_6,2077.37,2198.0,0.03438,1934.0,2198.0,1841.0,69.43726,0.0,0.01105,12.83922,19.39163,5.0516,19.39163
bayg29_25_7,2071.0,2112.0,0.03219,2071.0,2112.0,1805.0,0.0,0.0,0.01166,14.73684,17.00831,14.73684,17.00831
bayg29_25_8,1928.0,2180.0,0.03312,1928.0,2180.0,1718.0,0.0,0.0,0.01175,12.22352,26.89173,12.22352,26.89173
bayg29_25_9,1927.0,1999.0,0.03297,1927.0,1999.0,1683.0,0.0,0.0,0.01057,14.49792,18.776,14.49792,18.776
bayg29_50_1,2191.52,2459.0,0.04938,2058.0,2459.0,1928.0,97.59206,0.0,0.01526,13.66805,27.54149,6.74274,27.54149
bayg29_50_10,1959.0,2007.0,0.02719,1959.0,2007.0,1899.0,0.0,0.0,0.01182,3.15956,5.6872,3.15956,5.6872
bayg29_50_2,2533.88,2788.0,0.03375,2336.0,2788.0,2255.0,120.49193,0.0,0.01375,12.36718,23.63636,3.59202,23.63636
bayg29_50_3,2161.0,2316.0,0.03172,2161.0,2316.0,2093.0,0.0,0.0,0.01137,3.24892,10.65456,3.24892,10.65456
bayg29_50_4,2211.35,2299.0,0.03094,2183.0,2299.0,2019.0,13.73053,0.0,0.01059,9.52699,13.86825,8.12283,13.86825
bayg29_50_5,2036.72,2101.0,0.03328,1866.0,2101.0,1785.0,30.02335,0.0,0.01541,14.10196,17.70308,4.53782,17.70308
bayg29_50_6,2532.65,2790.0,0.04547,2473.0,2790.0,2340.0,39.44651,0.0,0.01564,8.23291,19.23077,5.68376,19.23077
bayg29_50_7,2492.0,2630.0,0.03,2492.0,2630.0,2400.0,0.0,0.0,0.01183,3.83333,9.58333,3.83333,9.58333
bayg29_50_8,2378.75,2809.0,0.03531,2233.0,2809.0,2204.0,86.20109,0.0,0.01203,7.92877,27.45009,1.31579,27.45009
bayg29_50_9,2128.27,2225.0,0.03875,2020.0,2225.0,1987.0,48.6935,0.0,0.01554,7.10971,11.97786,1.6608,11.97786
burma14_10_1,3416.0,3814.0,0.00766,3416.0,3814.0,3416.0,0.0,0.0,0.00841,0.0,11.65105,0.0,11.65105
burma14_10_10,3336.47,4048.0,0.01172,3323.0,4048.0,3323.0,9.85744,0.0,0.00997,0.40536,21.81763,0.0,21.81763
burma14_10_2,3331.06,4048.0,0.01109,3323.0,4048.0,3323.0,6.31002,0.0,0.00945,0.24255,21.81763,0.0,21.81763
burma14_10_3,3323.0,4820.0,0.01047,3323.0,4820.0,3323.0,0.0,0.0,0.00939,0.0,45.04965,0.0,45.04965
burma14_10_4,3774.31,4048.0,0.01203,3751.0,4048.0,3751.0,30.41667,0.0,0.01102,0.62143,7.91789,0.0,7.91789
burma14_10_5,3331.32,4863.0,0.01109,3323.0,4863.0,3323.0,6.24,0.0,0.00864,0.25038,46.34367,0.0,46.34367
burma14_10_6,3331.97,4048.0,0.01047,3323.0,4048.0,3323.0,11.21825,0.0,0.00798,0.26994,21.81763,0.0,21.81763
burma14_10_7,3357.41,4048.0,0.01297,3323.0,4048.0,3323.0,44.9008,0.0,0.01038,1.03551,21.81763,0.0,21.81763
burma14_10_8,3350.16,4291.0,0.01078,3346.0,4291.0,3346.0,6.06419,0.0,0.00875,0.12433,28.24268,0.0,28.24268
burma14_10_9,3416.0,4048.0,0.00797,3416.0,4048.0,3416.0,0.0,0.0,0.00812,0.0,18.50117,0.0,18.50117
burma14_25_1,4036.0,4217.0,0.00859,4036.0,4217.0,4036.0,0.0,0.0,0.00838,0.0,4.48464,0.0,4.48464
burma14_25_10,3928.0,4080.0,0.01078,3928.0,4080.0,3928.0,0.0,0.0,0.00847,0.0,3.86965,0.0,3.86965
burma14_25_2,3465.0,4841.0,0.01062,3465.0,4841.0,3465.0,0.0,0.0,0.00823,0.0,39.7114,0.0,39.7114
burma14_25_3,3336.0,4144.0,0.00781,3336.0,4144.0,3336.0,0.0,0.0,0.00812,0.0,24.22062,0.0,24.22062
burma14_25_4,3701.07,3839.0,0.01359,3696.0,3839.0,3696.0,6.34075,0.0,0.01004,0.13718,3.86905,0.0,3.86905
burma14_25_5,3362.67,4048.0,0.01094,3346.0,4048.0,3346.0,9.26397,0.0,0.00841,0.49821,20.98027,0.0,20.98027
burma14_25_6,3619.66,5086.0,0.01156,3610.0,5086.0,3610.0,35.21029,0.0,0.00901,0.26759,40.88643,0.0,40.88643
burma14_25_7,3355.1,4291.0,0.01344,3346.0,4291.0,3346.0,5.95735,0.0,0.01083,0.27197,28.24268,0.0,28.24268
burma14_25_8,3378.49,4214.0,0.01125,3371.0,4214.0,3371.0,27.30073,0.0,0.00858,0.22219,25.00742,0.0,25.00742
burma14_25_9,3869.25,4296.0,0.00844,3834.0,4296.0,3834.0,37.43244,0.0,0.00779,0.91941,12.05008,0.0,12.05008
burma14_50_1,4417.59,4687.0,0.00812,4412.0,4687.0,4412.0,6.43598,0.0,0.00869,0.1267,6.233,0.0,6.233
burma14_50_10,4468.85,4716.0,0.01078,4467.0,4716.0,4467.0,2.41402,0.0,0.00818,0.04141,5.57421,0.0,5.57421
burma14_50_2,3749.71,4250.0,0.01062,3748.0,4250.0,3748.0,5.43745,0.0,0.00852,0.04562,13.39381,0.0,13.39381
burma14_50_3,3891.76,4644.0,0.00812,3870.0,4644.0,3870.0,30.31736,0.0,0.00811,0.56227,20.0,0.0,20.0
burma14_50_4,3324.82,4107.0,0.01094,3323.0,4107.0,3323.0,4.51083,0.0,0.00924,0.05477,23.59314,0.0,23.59314
burma14_50_5,3524.0,4164.0,0.00812,3524.0,4164.0,3524.0,0.0,0.0,0.00841,0.0,18.16118,0.0,18.16118
burma14_50_6,3846.0,4425.0,0.01219,3846.0,4425.0,3846.0,0.0,0.0,0.00784,0.0,15.0546,0.0,15.0546
burma14_50_7,3523.31,4040.0,0.01281,3408.0,4040.0,3408.0,86.30083,0.0,0.00808,3.38351,18.5446,0.0,18.5446
burma14_50_8,3506.0,3988.0,0.01141,3506.0,3988.0,3506.0,0.0,0.0,0.0088,0.0,13.74786,0.0,13.74786
burma14_50_9,4519.0,5466.0,0.01453,4519.0,5466.0,4519.0,0.0,0.0,0.00741,0.0,20.95596,0.0,20.95596
fri26_10_1,1042.0,1096.0,0.02703,1042.0,1096.0,937.0,0.0,0.0,0.01033,11.20598,16.96905,11.20598,16.96905
fri26_10_10,1034.0,1112.0,0.02766,1034.0,1112.0,937.0,0.0,0.0,0.00985,10.35219,18.67663,10.35219,18.67663
fri26_10_2,1034.0,1112.0,0.02672,1034.0,1112.0,937.0,0.0,0.0,0.01111,10.35219,18.67663,10.35219,18.67663
fri26_10_3,1092.0,1160.0,0.02781,1092.0,1160.0,1009.0,0.0,0.0,0.01027,8.22597,14.96531,8.22597,14.96531
fri26_10_4,1026.0,1096.0,0.02734,1026.0,1096.0,955.0,0.0,0.0,0.01257,7.43455,14.7644,7.43455,14.7644
fri26_10_5,1135.86,1284.0,0.04109,1055.0,1284.0,997.0,56.03464,0.0,0.01282,13.92778,28.78636,5.81745,28.78636
fri26_10_6,1024.0,1063.0,0.02859,1024.0,1063.0,937.0,0.0,0.0,0.01327,9.28495,13.44717,9.28495,13.44717
fri26_10_7,1129.85,1231.0,0.03938,1063.0,1231.0,1039.0,45.90825,0.0,0.01179,8.74398,18.47931,2.30991,18.47931
fri26_10_8,1034.0,1112.0,0.02734,1034.0,1112.0,953.0,0.0,0.0,0.00921,8.49948,16.68416,8.49948,16.68416
fri26_10_9,1092.56,1434.0,0.03203,1031.0,1434.0,937.0,41.7625,0.0,0.01404,16.60192,53.04162,10.03202,53.04162
fri26_25_1,1226.0,1251.0,0.02547,1226.0,1251.0,1055.0,0.0,0.0,0.01119,16.20853,18.5782,16.20853,18.5782
fri26_25_10,1140.0,1145.0,0.02469,1140.0,1145.0,1093.0,0.0,0.0,0.00968,4.30009,4.75755,4.30009,4.75755
fri26_25_2,1315.58,1446.0,0.03453,1251.0,1446.0,1201.0,43.22411,0.0,0.01437,9.54038,20.39967,4.1632,20.39967
fri26_25_3,1253.16,1355.0,0.03,1140.0,1355.0,1139.0,33.36906,0.0,0.01098,10.02283,18.964,0.0878,18.964
fri26_25_4,1373.0,1472.0,0.0275,1373.0,1472.0,1233.0,0.0,0.0,0.00966,11.35442,19.38362,11.35442,19.38362
fri26_25_5,1194.87,1227.0,0.02688,1083.0,1227.0,1017.0,11.24336,0.0,0.01128,17.48968,20.64897,6.48968,20.64897
fri26_25_6,1270.0,1277.0,0.0275,1270.0,1277.0,1172.0,0.0,0.0,0.01062,8.36177,8.95904,8.36177,8.95904
fri26_25_7,1264.26,1409.0,0.02891,1158.0,1409.0,1101.0,64.86688,0.0,0.01177,14.82834,27.97457,5.17711,27.97457
fri26_25_8,1080.68,1224.0,0.04047,1001.0,1224.0,955.0,56.46448,0.0,0.01346,13.16021,28.16754,4.81675,28.16754
fri26_25_9,1123.0,1295.0,0.02734,1123.0,1295.0,1081.0,0.0,0.0,0.01022,3.88529,19.79648,3.88529,19.79648
fri26_50_1,1446.15,1486.0,0.02797,1419.0,1486.0,1273.0,16.52657,0.0,0.01331,13.60173,16.73213,11.46897,16.73213
fri26_50_10,1083.0,1097.0,0.02719,1083.0,1097.0,1048.0,0.0,0.0,0.01003,3.33969,4.67557,3.33969,4.67557
fri26_50_2,1165.82,1209.0,0.03328,1102.0,1209.0,1045.0,36.2037,0.0,0.01426,11.56172,15.69378,5.45455,15.69378
fri26_50_3,1205.0,1236.0,0.02422,1205.0,1236.0,1035.0,0.0,0.0,0.01218,16.42512,19.42029,16.42512,19.42029
fri26_50_4,1247.61,1497.0,0.03078,1227.0,1497.0,1185.0,10.14485,0.0,0.01554,5.28354,26.32911,3.5443,26.32911
fri26_50_5,1335.48,1371.0,0.02469,1234.0,1371.0,1185.0,40.94447,0.0,0.01087,12.69873,15.6962,4.13502,15.6962
fri26_50_6,1264.56,1366.0,0.02641,1181.0,1366.0,1158.0,49.43305,0.0,0.01283,9.20207,17.962,1.98618,17.962
fri26_50_7,1253.85,1296.0,0.02453,1206.0,1296.0,1150.0,29.28186,0.0,0.01255,9.03043,12.69565,4.86957,12.69565
fri26_50_8,1543.15,1779.0,0.02953,1464.0,1779.0,1441.0,47.91959,0.0,0.01167,7.08883,23.45593,1.59611,23.45593
fri26_50_9,1312.04,1449.0,0.03703,1282.0,1449.0,1267.0,15.62045,0.0,0.01525,3.55485,14.36464,1.1839,14.36464
gr17_10_1,2195.04,2873.0,0.02203,2153.0,2873.0,2153.0,54.06735,0.0,0.01107,1.95262,33.44171,0.0,33.44171
gr17_10_10,2085.0,2187.0,0.01469,2085.0,2187.0,2085.0,0.0,0.0,0.00821,0.0,4.89209,0.0,4.89209
gr17_10_2,2183.49,2390.0,0.02281,2165.0,2390.0,2165.0,14.62156,0.0,0.01178,0.85404,10.39261,0.0,10.39261
gr17_10_3,2085.0,2187.0,0.01609,2085.0,2187.0,2085.0,0.0,0.0,0.00748,0.0,4.89209,0.0,4.89209
gr17_10_4,2621.38,2873.0,0.02578,2590.0,2873.0,2590.0,48.53077,0.0,0.01257,1.21158,10.92664,0.0,10.92664
gr17_10_5,2085.0,2187.0,0.01578,2085.0,2187.0,2085.0,0.0,0.0,0.00749,0.0,4.89209,0.0,4.89209
gr17_10_6,2085.0,2187.0,0.01672,2085.0,2187.0,2085.0,0.0,0.0,0.00804,0.0,4.89209,0.0,4.89209
gr17_10_7,2147.58,2512.0,0.02656,2090.0,2512.0,2085.0,54.71164,0.0,0.01,3.00144,20.47962,0.23981,20.47962
gr17_10_8,2110.63,2212.0,0.01594,2088.0,2212.0,2085.0,13.76274,0.0,0.00855,1.22926,6.09113,0.14388,6.09113
gr17_10_9,2085.0,2187.0,0.01328,2085.0,2187.0,2085.0,0.0,0.0,0.00866,0.0,4.89209,0.0,4.89209
gr17_25_1,2265.0,2358.0,0.01531,2265.0,2358.0,2265.0,0.0,0.0,0.00732,0.0,4.10596,0.0,4.10596
gr17_25_10,2715.46,2938.0,0.01875,2675.0,2938.0,2675.0,49.63596,0.0,0.01169,1.51252,9.83178,0.0,9.83178
gr17_25_2,2531.81,3212.0,0.02125,2505.0,3212.0,2505.0,16.63532,0.0,0.01072,1.07026,28.22355,0.0,28.22355
gr17_25_3,2323.28,2934.0,0.02094,2270.0,2934.0,2270.0,39.04692,0.0,0.01131,2.34714,29.2511,0.0,29.2511
gr17_25_4,2152.12,3032.0,0.01719,2103.0,3032.0,2103.0,30.33061,0.0,0.01025,2.33571,44.17499,0.0,44.17499
gr17_25_5,2123.71,3034.0,0.02078,2088.0,3034.0,2088.0,30.54351,0.0,0.01191,1.71025,45.30651,0.0,45.30651
gr17_25_6,2173.57,2581.0,0.01688,2160.0,2581.0,2160.0,24.82912,0.0,0.0098,0.62824,19.49074,0.0,19.49074
gr17_25_7,2109.02,2386.0,0.01312,2088.0,2386.0,2085.0,13.91185,0.0,0.0093,1.15204,14.43645,0.14388,14.43645
gr17_25_8,2119.0,2212.0,0.01094,2119.0,2212.0,2085.0,0.0,0.0,0.00841,1.6307,6.09113,1.6307,6.09113
gr17_25_9,2166.8,2443.0,0.01656,2138.0,2443.0,2138.0,36.70559,0.0,0.00984,1.34705,14.26567,0.0,14.26567
gr17_50_1,2838.64,3196.0,0.01516,2743.0,3196.0,2743.0,60.89031,0.0,0.0107,3.48669,16.51476,0.0,16.51476
gr17_50_10,2134.0,2307.0,0.01062,2134.0,2307.0,2134.0,0.0,0.0,0.00793,0.0,8.10684,0.0,8.10684
gr17_50_2,2268.0,2365.0,0.01094,2268.0,2365.0,2216.0,0.0,0.0,0.00812,2.34657,6.72383,2.34657,6.72383
gr17_50_3,3003.9,3207.0,0.0125,3000.0,3207.0,3000.0,5.95735,0.0,0.00856,0.13,6.9,0.0,6.9
gr17_50_4,2949.5,3723.0,0.01562,2946.0,3723.0,2946.0,4.7697,0.0,0.00988,0.11881,26.37475,0.0,26.37475
gr17_50_5,2218.32,2823.0,0.02281,2205.0,2823.0,2205.0,36.62783,0.0,0.01456,0.60408,28.02721,0.0,28.02721
gr17_50_6,2579.0,3587.0,0.01391,2579.0,3587.0,2579.0,0.0,0.0,0.0101,0.0,39.08492,0.0,39.08492
gr17_50_7,2817.46,3495.0,0.01281,2812.0,3495.0,2812.0,13.53249,0.0,0.00973,0.19417,24.28876,0.0,24.28876
gr17_50_8,3014.0,3254.0,0.01141,3014.0,3254.0,3014.0,0.0,0.0,0.00852,0.0,7.96284,0.0,7.96284
gr17_50_9,3454.0,3811.0,0.01625,3454.0,3811.0,3454.0,0.0,0.0,0.01058,0.0,10.33584,0.0,10.33584
gr21_10_1,2969.99,3369.0,0.02656,2784.0,3369.0,2707.0,145.01934,0.0,0.012,9.71518,24.45512,2.84448,24.45512
gr21_10_10,3008.97,3333.0,0.03016,2870.0,3333.0,2707.0,117.38224,0.0,0.01657,11.15515,23.12523,6.02143,23.12523
gr21_10_2,3137.94,3877.0,0.02875,3002.0,3877.0,3002.0,95.32007,0.0,0.01184,4.52831,29.14724,0.0,29.14724
gr21_10_3,3066.02,3408.0,0.02453,2863.0,3408.0,2851.0,177.29676,0.0,0.01215,7.54192,19.537,0.4209,19.537
gr21_10_4,3171.99,3714.0,0.02297,3029.0,3714.0,2760.0,115.412,0.0,0.00999,14.92717,34.56522,9.74638,34.56522
gr21_10_5,2941.83,3333.0,0.02016,2760.0,3333.0,2707.0,207.37657,0.0,0.01089,8.67492,23.12523,1.95789,23.12523
gr21_10_6,2967.14,3465.0,0.02234,2871.0,3465.0,2760.0,41.21699,0.0,0.00944,7.50507,25.54348,4.02174,25.54348
gr21_10_7,3366.31,3526.0,0.01844,3301.0,3526.0,3093.0,34.68737,0.0,0.01022,8.8364,13.99935,6.72486,13.99935
gr21_10_8,3139.79,3732.0,0.02469,3075.0,3732.0,2962.0,58.35586,0.0,0.00942,6.00236,25.99595,3.81499,25.99595
gr21_10_9,3010.61,3399.0,0.02266,2965.0,3399.0,2787.0,74.34378,0.0,0.01156,8.02332,21.9591,6.3868,21.9591
gr21_25_1,2864.22,4502.0,0.02438,2788.0,4502.0,2788.0,99.34833,0.0,0.01368,2.73386,61.47776,0.0,61.47776
gr21_25_10,3082.7,3404.0,0.02281,2707.0,3404.0,2707.0,219.1141,0.0,0.01199,13.87883,25.74806,0.0,25.74806
gr21_25_2,3207.95,3681.0,0.02469,3069.0,3681.0,2946.0,77.51314,0.0,0.01311,8.89172,24.94908,4.17515,24.94908
gr21_25_3,3336.31,3417.0,0.02031,3238.0,3417.0,3109.0,82.85888,0.0,0.0095,7.31135,9.90672,4.14924,9.90672
gr21_25_4,2908.29,4202.0,0.02484,2707.0,4202.0,2707.0,171.95519,0.0,0.01271,7.43591,55.22719,0.0,55.22719
gr21_25_5,3393.21,3431.0,0.01625,3242.0,3431.0,3159.0,74.40179,0.0,0.01103,7.41406,8.61032,2.62741,8.61032
gr21_25_6,3223.01,4023.0,0.02469,3159.0,4023.0,3159.0,81.17296,0.0,0.00942,2.02627,27.35043,0.0,27.35043
gr21_25_7,3050.6,3717.0,0.02359,2921.0,3717.0,2921.0,105.49597,0.0,0.01024,4.43684,27.25094,0.0,27.25094
gr21_25_8,3655.3,4202.0,0.02469,3425.0,4202.0,3421.0,71.51818,0.0,0.01435,6.84887,22.82958,0.11692,22.82958
gr21_25_9,2886.07,4162.0,0.02938,2784.0,4162.0,2709.0,119.29638,0.0,0.01255,6.53636,53.63603,2.76855,53.63603
gr21_50_1,3244.92,3438.0,0.02297,3115.0,3438.0,3115.0,101.20333,0.0,0.01047,4.17079,10.36918,0.0,10.36918
gr21_50_10,3714.68,4676.0,0.02594,3658.0,4676.0,3483.0,43.50285,0.0,0.01174,6.65174,34.25208,5.0244,34.25208
gr21_50_2,4227.76,4648.0,0.02078,4144.0,4648.0,4041.0,75.64762,0.0,0.01061,4.62163,15.02103,2.54887,15.02103
gr21_50_3,4066.81,4755.0,0.02344,3970.0,4755.0,3892.0,57.70003,0.0,0.00976,4.49152,22.17369,2.00411,22.17369
gr21_50_4,3655.21,4571.0,0.01922,3570.0,4571.0,3570.0,115.10502,0.0,0.01166,2.38683,28.03922,0.0,28.03922
gr21_50_5,4368.19,4512.0,0.02062,4219.0,4512.0,4132.0,101.13503,0.0,0.01167,5.71612,9.19652,2.10552,9.19652
gr21_50_6,3661.38,4134.0,0.02344,3553.0,4134.0,3417.0,65.17373,0.0,0.01317,7.15189,20.98332,3.9801,20.98332
gr21_50_7,4255.0,4680.0,0.02234,4249.0,4680.0,4249.0,3.4641,0.0,0.01066,0.14121,10.14356,0.0,10.14356
gr21_50_8,3465.2,4509.0,0.02109,3296.0,4509.0,3296.0,136.52787,0.0,0.01045,5.1335,36.80218,0.0,36.80218
gr21_50_9,4226.92,4676.0,0.02156,4186.0,4676.0,4186.0,53.55589,0.0,0.01031,0.97754,11.70569,0.0,11.70569
gr48_10_1,5800.0,5889.0,0.13125,5800.0,5889.0,5046.0,0.0,0.0,0.0248,14.94253,16.7063,14.94253,16.7063
gr48_10_10,6082.0,6204.0,0.14125,6082.0,6204.0,5055.0,0.0,0.0,0.02733,20.31652,22.72997,20.31652,22.72997
gr48_10_2,7027.0,7518.0,0.12484,7027.0,7518.0,5542.0,0.0,0.0,0.01761,26.79538,35.655,26.79538,35.655
gr48_10_3,6531.0,6928.0,0.12594,6531.0,6928.0,5300.0,0.0,0.0,0.01463,23.22642,30.71698,23.22642,30.71698
gr48_10_4,6130.0,6236.0,0.13062,6130.0,6236.0,5293.0,0.0,0.0,0.01829,15.81334,17.81598,15.81334,17.81598
gr48_10_5,7031.47,7109.0,0.12328,7030.0,7109.0,5679.0,5.35809,0.0,0.02153,23.81528,25.18049,23.7894,25.18049
gr48_10_6,7372.0,7503.0,0.12406,7372.0,7503.0,5610.0,0.0,0.0,0.02378,31.4082,33.74332,31.4082,33.74332
gr48_10_7,6070.0,6201.0,0.13109,6070.0,6201.0,5063.0,0.0,0.0,0.01481,19.88939,22.47679,19.88939,22.47679
gr48_10_8,7183.0,7508.0,0.13125,7183.0,7508.0,5103.0,0.0,0.0,0.0174,40.76034,47.12914,40.76034,47.12914
gr48_10_9,6268.0,6373.0,0.12766,6268.0,6373.0,5153.0,0.0,0.0,0.02002,21.63788,23.67553,21.63788,23.67553
gr48_25_1,6318.0,6422.0,0.15781,6318.0,6422.0,5524.0,0.0,0.0,0.01474,14.37364,16.25634,14.37364,16.25634
gr48_25_10,7024.0,7253.0,0.11219,7024.0,7253.0,6014.0,0.0,0.0,0.01674,16.79415,20.60193,16.79415,20.60193
gr48_25_2,6961.0,7261.0,0.16234,6961.0,7261.0,5895.0,0.0,0.0,0.01874,18.08312,23.17218,18.08312,23.17218
gr48_25_3,7164.0,7344.0,0.16062,7164.0,7344.0,5754.0,0.0,0.0,0.02038,24.50469,27.63295,24.50469,27.63295
gr48_25_4,6425.0,6652.0,0.15578,6425.0,6652.0,5588.0,0.0,0.0,0.02692,14.97853,19.0408,14.97853,19.0408
gr48_25_5,6869.0,7226.0,0.11516,6869.0,7226.0,6159.0,0.0,0.0,0.01818,11.52785,17.32424,11.52785,17.32424
gr48_25_6,6415.0,6613.0,0.12422,6415.0,6613.0,5760.0,0.0,0.0,0.01629,11.37153,14.80903,11.37153,14.80903
gr48_25_7,7542.0,7817.0,0.12141,7542.0,7817.0,5955.0,0.0,0.0,0.01873,26.64987,31.26784,26.64987,31.26784
gr48_25_8,6946.0,7124.0,0.12656,6946.0,7124.0,5562.0,0.0,0.0,0.0169,24.88314,28.08342,24.88314,28.08342
gr48_25_9,7159.0,7277.0,0.1175,7159.0,7277.0,5792.0,0.0,0.0,0.02182,23.60152,25.63881,23.60152,25.63881
gr48_50_1,7040.0,7372.0,0.10859,7040.0,7372.0,6096.0,0.0,0.0,0.02484,15.48556,20.93176,15.48556,20.93176
gr48_50_10,7139.0,7467.0,0.11469,7139.0,7467.0,6331.0,0.0,0.0,0.01878,12.7626,17.94345,12.7626,17.94345
gr48_50_2,7795.0,8187.0,0.10953,7795.0,8187.0,6629.0,0.0,0.0,0.02079,17.58938,23.50279,17.58938,23.50279
gr48_50_3,7448.0,7621.0,0.11188,7448.0,7621.0,5896.0,0.0,0.0,0.01818,26.32293,29.25712,26.32293,29.25712
gr48_50_4,7809.0,8516.0,0.11141,7809.0,8516.0,6404.0,0.0,0.0,0.01634,21.93941,32.97939,21.93941,32.97939
gr48_50_5,8211.0,8351.0,0.10609,8211.0,8351.0,6617.0,0.0,0.0,0.0198,24.08947,26.20523,24.08947,26.20523
gr48_50_6,9393.0,10541.0,0.11625,9393.0,10541.0,8533.0,0.0,0.0,0.02363,10.07852,23.53217,10.07852,23.53217
gr48_50_7,7700.0,7914.0,0.11562,7700.0,7914.0,6166.0,0.0,0.0,0.02605,24.87837,28.34901,24.87837,28.34901
gr48_50_8,9158.58,9489.0,0.11438,8400.0,9489.0,6535.0,259.74469,0.0,0.01724,40.1466,45.20275,28.53864,45.20275
gr48_50_9,9269.0,9398.0,0.11234,9269.0,9398.0,7150.0,0.0,0.0,0.01244,29.63636,31.44056,29.63636,31.44056
ulysses16_10_1,6882.93,9600.0,0.01859,6859.0,9600.0,6859.0,16.13087,0.0,0.0112,0.34888,39.96209,0.0,39.96209
ulysses16_10_10,6896.62,9988.0,0.01531,6859.0,9988.0,6859.0,19.83319,0.0,0.01104,0.54848,45.61889,0.0,45.61889
ulysses16_10_2,6880.74,9988.0,0.01469,6859.0,9988.0,6859.0,27.52694,0.0,0.01101,0.31696,45.61889,0.0,45.61889
ulysses16_10_3,6913.97,9988.0,0.01453,6875.0,9988.0,6859.0,28.94493,0.0,0.01066,0.80143,45.61889,0.23327,45.61889
ulysses16_10_4,6907.32,9876.0,0.01516,6859.0,9876.0,6859.0,22.85383,0.0,0.01115,0.70448,43.986,0.0,43.986
ulysses16_10_5,6969.46,9998.0,0.01562,6900.0,9998.0,6859.0,49.50847,0.0,0.00988,1.61044,45.76469,0.59775,45.76469
ulysses16_10_6,6955.3,9954.0,0.01625,6951.0,9954.0,6951.0,18.74327,0.0,0.01306,0.06186,43.20242,0.0,43.20242
ulysses16_10_7,6910.4,9988.0,0.01625,6859.0,9988.0,6859.0,31.20577,0.0,0.00935,0.74938,45.61889,0.0,45.61889
ulysses16_10_8,6915.0,10008.0,0.01672,6859.0,10008.0,6859.0,42.68747,0.0,0.01088,0.81645,45.91048,0.0,45.91048
ulysses16_10_9,6875.5,9876.0,0.01016,6859.0,9876.0,6859.0,23.51064,0.0,0.00838,0.24056,43.986,0.0,43.986
ulysses16_25_1,6987.75,8173.0,0.01531,6900.0,8173.0,6890.0,44.43993,0.0,0.01288,1.41872,18.62119,0.14514,18.62119
ulysses16_25_10,7832.81,9984.0,0.01797,7781.0,9984.0,7781.0,37.4627,0.0,0.00997,0.66585,28.31256,0.0,28.31256
ulysses16_25_2,6868.84,10041.0,0.01656,6859.0,10041.0,6859.0,17.51041,0.0,0.01056,0.14346,46.3916,0.0,46.3916
ulysses16_25_3,6875.34,9929.0,0.01328,6859.0,9929.0,6859.0,24.38287,0.0,0.00947,0.23823,44.75871,0.0,44.75871
ulysses16_25_4,7742.02,9550.0,0.01422,7401.0,9550.0,7401.0,245.06925,0.0,0.01107,4.60776,29.03662,0.0,29.03662
ulysses16_25_5,7681.14,10021.0,0.01438,7671.0,10021.0,7671.0,12.6815,0.0,0.01183,0.13219,30.63486,0.0,30.63486
ulysses16_25_6,7110.6,9704.0,0.01312,7029.0,9704.0,7029.0,109.46671,0.0,0.0103,1.1609,38.05662,0.0,38.05662
ulysses16_25_7,7462.65,9988.0,0.01297,7446.0,9988.0,7446.0,52.94363,0.0,0.01211,0.22361,34.13914,0.0,34.13914
ulysses16_25_8,6954.52,10068.0,0.01109,6900.0,10068.0,6859.0,42.72739,0.0,0.00835,1.39262,46.78525,0.59775,46.78525
ulysses16_25_9,6900.28,9876.0,0.01328,6859.0,9876.0,6859.0,25.00803,0.0,0.00894,0.60184,43.986,0.0,43.986
ulysses16_50_1,7389.05,10356.0,0.01344,7264.0,10356.0,7264.0,99.98874,0.0,0.00884,1.7215,42.56608,0.0,42.56608
ulysses16_50_10,7736.15,10143.0,0.01391,7706.0,10143.0,7706.0,12.3267,0.0,0.00881,0.39125,31.62471,0.0,31.62471
ulysses16_50_2,7721.2,10107.0,0.01641,7715.0,10107.0,7715.0,9.24986,0.0,0.00973,0.08036,31.00454,0.0,31.00454
ulysses16_50_3,9612.0,10690.0,0.01203,9612.0,10690.0,9612.0,0.0,0.0,0.0096,0.0,11.21515,0.0,11.21515
ulysses16_50_4,7313.0,10466.0,0.01125,7313.0,10466.0,7313.0,0.0,0.0,0.00965,0.0,43.115,0.0,43.115
ulysses16_50_5,6909.0,9876.0,0.01047,6909.0,9876.0,6909.0,0.0,0.0,0.00939,0.0,42.94399,0.0,42.94399
ulysses16_50_6,7313.54,10992.0,0.01594,7301.0,10992.0,7301.0,10.89167,0.0,0.01104,0.17176,50.55472,0.0,50.55472
ulysses16_50_7,8184.14,11295.0,0.01281,8118.0,11295.0,8118.0,39.75123,0.0,0.00973,0.81473,39.13525,0.0,39.13525
ulysses16_50_8,7071.6,10040.0,0.0125,7065.0,10040.0,7065.0,10.08167,0.0,0.00856,0.09342,42.10899,0.0,42.10899
ulysses16_50_9,6932.98,8490.0,0.01516,6900.0,8490.0,6900.0,45.94975,0.0,0.00999,0.47797,23.04348,0.0,23.04348
ulysses22_10_1,7323.13,10562.0,0.02719,7211.0,10562.0,7013.0,102.19654,0.0,0.01337,4.42222,50.60602,2.82333,50.60602
ulysses22_10_10,7423.38,10627.0,0.02844,7148.0,10627.0,7087.0,171.5758,0.0,0.01333,4.74644,49.95061,0.86073,49.95061
ulysses22_10_2,7316.39,10945.0,0.02828,7171.0,10945.0,7013.0,131.33628,0.0,0.01244,4.32611,56.0673,2.25296,56.0673
ulysses22_10_3,7321.12,10586.0,0.02656,7112.0,10586.0,7013.0,145.05684,0.0,0.01389,4.39355,50.94824,1.41166,50.94824
ulysses22_10_4,7420.16,10586.0,0.02516,7227.0,10586.0,7013.0,173.0205,0.0,0.0136,5.80579,50.94824,3.05148,50.94824
ulysses22_10_5,7407.74,10899.0,0.02531,7250.0,10899.0,7013.0,162.54689,0.0,0.01411,5.62869,55.41138,3.37944,55.41138
ulysses22_10_6,7589.89,11383.0,0.01969,7406.0,11383.0,7250.0,82.26565,0.0,0.00979,4.68814,57.0069,2.15172,57.0069
ulysses22_10_7,7692.68,10293.0,0.01984,7474.0,10293.0,7246.0,119.51643,0.0,0.01124,6.1645,42.05079,3.14656,42.05079
ulysses22_10_8,7595.92,11035.0,0.02766,7300.0,11035.0,7181.0,169.25488,0.0,0.0136,5.77803,53.66941,1.65715,53.66941
ulysses22_10_9,7290.83,9331.0,0.02656,7047.0,9331.0,7047.0,143.82288,0.0,0.01631,3.46005,32.41096,0.0,32.41096
ulysses22_25_1,7509.35,10657.0,0.02453,7266.0,10657.0,7083.0,167.30531,0.0,0.01274,6.01934,50.45885,2.58365,50.45885
ulysses22_25_10,8033.16,8892.0,0.01719,8030.0,8892.0,7961.0,1.62923,0.0,0.01025,0.90642,11.69451,0.86673,11.69451
ulysses22_25_2,7834.27,10971.0,0.02797,7589.0,10971.0,7415.0,202.09809,0.0,0.01175,5.65435,47.95684,2.34659,47.95684
ulysses22_25_3,8425.27,10563.0,0.02516,8210.0,10563.0,8177.0,189.10393,0.0,0.01167,3.0362,29.17941,0.40357,29.17941
ulysses22_25_4,7794.3,10393.0,0.02109,7590.0,10393.0,7385.0,116.45759,0.0,0.01198,5.54232,40.73121,2.7759,40.73121
ulysses22_25_5,7882.6,10956.0,0.02312,7468.0,10956.0,7449.0,347.43204,0.0,0.01335,5.82092,47.08014,0.25507,47.08014
ulysses22_25_6,7970.6,11307.0,0.01812,7835.0,11307.0,7589.0,100.0232,0.0,0.01121,5.02833,48.99196,3.24153,48.99196
ulysses22_25_7,8125.0,10792.0,0.01797,8125.0,10792.0,7729.0,0.0,0.0,0.01113,5.12356,39.62997,5.12356,39.62997
ulysses22_25_8,7806.89,10860.0,0.02,7468.0,10860.0,7123.0,178.32408,0.0,0.0129,9.60115,52.46385,4.84346,52.46385
ulysses22_25_9,7383.75,8757.0,0.02281,7176.0,8757.0,7176.0,155.23758,0.0,0.01219,2.89507,22.03177,0.0,22.03177
ulysses22_50_1,8587.39,10907.0,0.02656,8427.0,10907.0,8290.0,76.73811,0.0,0.01298,3.58733,31.56815,1.65259,31.56815
ulysses22_50_10,7979.52,11787.0,0.02438,7941.0,11787.0,7941.0,25.17875,0.0,0.01197,0.48508,48.43219,0.0,48.43219
ulysses22_50_2,8104.25,11026.0,0.025,7793.0,11026.0,7538.0,189.56019,0.0,0.01326,7.51194,46.27222,3.38286,46.27222
ulysses22_50_3,9102.01,11110.0,0.02375,8893.0,11110.0,8833.0,228.82891,0.0,0.0124,3.04551,25.77833,0.67927,25.77833
ulysses22_50_4,9356.0,9437.0,0.01453,9356.0,9437.0,9324.0,0.0,0.0,0.0097,0.3432,1.21193,0.3432,1.21193
ulysses22_50_5,8502.96,10171.0,0.02516,8370.0,10171.0,8284.0,74.44245,0.0,0.01342,2.64317,22.77885,1.03815,22.77885
ulysses22_50_6,8040.35,8911.0,0.01906,7808.0,8911.0,7570.0,134.60233,0.0,0.01222,6.21334,17.71466,3.14399,17.71466
ulysses22_50_7,8330.57,10547.0,0.01734,8171.0,10547.0,7897.0,77.28328,0.0,0.01228,5.49031,33.55705,3.46967,33.55705
ulysses22_50_8,9709.71,10259.0,0.02484,9585.0,10259.0,9558.0,105.38077,0.0,0.01271,1.58726,7.33417,0.28249,7.33417
ulysses22_50_9,9250.76,10521.0,0.02422,9035.0,10521.0,9021.0,137.8492,0.0,0.01156,2.54695,16.62787,0.15519,16.62787
